講義名:,2013112702,,,,
日時:,2013-11-27 14:14,,,,
総人数:,300,,,,
出席人数:,5,,,,
,,,,,
番号,名前,端末番号,追加情報1,追加情報2,出欠状態
1,1,C00D1F,memo1,,0
2,2,C00D20,memo2,,0
3,3,C00D21,memo3,,0
4,4,C00D22,memo4,,0
5,5,C00D23,memo5,,0
6,6,C00D24,memo6,,0
7,7,C00D25,memo7,,0
8,8,C00D26,memo8,,0
9,9,C00D27,memo9,,0
10,10,C00D28,memo10,,0
11,11,C00D29,memo11,,0
12,田中一郎 T000001,C00D85,1000001,,1
13,田中四郎 C000004,C00D86,4000004,,0
14,田中三郎 W000003,C00D87,7000003,,0
15,15,C00D88,4000009,,1
16,田中二郎 T000002,C00D89,1000002,,1
17,17,C00D2F,memo17,,0
18,18,C00D30,100001,,1
19,19,C00D31,10000001,,1
20,20,C00D32,memo20,,1
21,21,C00D33,memo21,,0
22,22,C00D34,memo22,,0
23,23,C00D35,memo23,,0
24,24,C00D36,memo24,,0
25,25,C00D37,memo25,,0
26,26,C00D38,memo26,,0
27,27,C00D39,memo27,,0
28,28,C00D3A,memo28,,0
29,29,C00D3B,memo29,,0
30,30,C00D3C,memo30,,0
31,31,C00D3D,memo31,,0
32,32,C00D3E,memo32,,0
33,33,C00D3F,memo33,,0
34,34,C00D40,memo34,,0
35,35,C00D41,memo35,,0
36,36,C00D42,memo36,,0
37,37,C00D43,memo37,,0
38,38,C00D44,memo38,,0
39,39,C00D45,memo39,,0
40,40,C00D46,memo40,,0
41,41,C00D47,memo41,,0
42,42,C00D48,memo42,,0
43,43,C00D49,memo43,,0
44,44,C00D4A,memo44,,0
45,45,C00D4B,memo45,,0
46,46,C00D4C,memo46,,0
47,47,C00D4D,memo47,,0
48,48,C00D4E,memo48,,0
49,49,C00D4F,memo49,,0
50,50,C00D50,memo50,,0
51,51,C00D51,memo51,,0
52,52,C00D52,memo52,,0
53,53,C00D53,memo53,,0
54,54,C00D54,memo54,,0
55,55,C00D55,memo55,,0
56,56,C00D56,memo56,,0
57,57,C00D57,memo57,,0
58,58,C00D58,memo58,,0
59,59,C00D59,memo59,,0
60,60,C00D5A,memo60,,0
61,61,C00D5B,memo61,,0
62,62,C00D5C,memo62,,0
63,63,C00D5D,memo63,,0
64,64,C00D5E,memo64,,0
65,65,C00D5F,memo65,,0
66,66,C00D60,memo66,,0
67,67,C00D61,memo67,,0
68,68,C00D62,memo68,,0
69,69,C00D63,memo69,,0
70,70,C00D64,memo70,,0
71,71,C00D65,memo71,,0
72,72,C00D66,memo72,,0
73,73,C00D67,memo73,,0
74,74,C00D68,memo74,,0
75,75,C00D69,memo75,,0
76,76,C00D6A,memo76,,0
77,77,C00D6B,memo77,,0
78,78,C00D6C,memo78,,0
79,79,C00D6D,memo79,,0
80,80,C00D6E,memo80,,0
81,81,C00D6F,memo81,,0
82,82,C00D70,memo82,,0
83,83,C00D71,memo83,,0
84,84,C00D72,memo84,,0
85,85,C00D73,memo85,,0
86,86,C00D74,memo86,,0
87,87,C00D75,memo87,,0
88,88,C00D76,memo88,,0
89,89,C00D77,memo89,,0
90,90,C00D78,memo90,,0
91,91,C00D79,memo91,,0
92,92,C00D7A,memo92,,0
93,93,C00D7B,memo93,,0
94,94,C00D7C,memo94,,0
95,95,C00D7D,memo95,,0
96,96,C00D7E,memo96,,0
97,97,C00D7F,memo97,,0
98,98,C00D80,memo98,,0
99,99,C00D81,memo99,,0
100,100,C00D82,memo100,,0
101,101,C00D83,memo101,,0
102,102,C00D84,memo102,,0
103,103,C00D85,memo103,,0
104,104,C00D86,memo104,,0
105,105,C00D87,memo105,,0
106,106,C00D88,memo106,,0
107,107,C00D89,memo107,,0
108,108,C00D8A,memo108,,0
109,109,C00D8B,memo109,,0
110,110,C00D8C,memo110,,0
111,111,C00D8D,memo111,,0
112,112,C00D8E,memo112,,0
113,113,C00D8F,memo113,,0
114,114,C00D90,memo114,,0
115,115,C00D91,memo115,,0
116,116,C00D92,memo116,,0
117,117,C00D93,memo117,,0
118,118,C00D94,memo118,,0
119,119,C00D95,memo119,,0
120,120,C00D96,memo120,,0
121,121,C00D97,memo121,,0
122,122,C00D98,memo122,,0
123,123,C00D99,memo123,,0
124,124,C00D9A,memo124,,0
125,125,C00D9B,memo125,,0
126,126,C00D9C,memo126,,0
127,127,C00D9D,memo127,,0
128,128,C00D9E,memo128,,0
129,129,C00D9F,memo129,,0
130,130,C00DA0,memo130,,0
131,131,C00DA1,memo131,,0
132,132,C00DA2,memo132,,0
133,133,C00DA3,memo133,,0
134,134,C00DA4,memo134,,0
135,135,C00DA5,memo135,,0
136,136,C00DA6,memo136,,0
137,137,C00DA7,memo137,,0
138,138,C00DA8,memo138,,0
139,139,C00DA9,memo139,,0
140,140,C00DAA,memo140,,0
141,141,C00DAB,memo141,,0
142,142,C00DAC,memo142,,0
143,143,C00DAD,memo143,,0
144,144,C00DAE,memo144,,0
145,145,C00DAF,memo145,,0
146,146,C00DB0,memo146,,0
147,147,C00DB1,memo147,,0
148,148,C00DB2,memo148,,0
149,149,C00DB3,memo149,,0
150,150,C00DB4,memo150,,0
151,151,C00DB5,memo151,,0
152,152,C00DB6,memo152,,0
153,153,C00DB7,memo153,,0
154,154,C00DB8,memo154,,0
155,155,C00DB9,memo155,,0
156,156,C00DBA,memo156,,0
157,157,C00DBB,memo157,,0
158,158,C00DBC,memo158,,0
159,159,C00DBD,memo159,,0
160,160,C00DBE,memo160,,0
161,161,C00DBF,memo161,,0
162,162,C00DC0,memo162,,0
163,163,C00DC1,memo163,,0
164,164,C00DC2,memo164,,0
165,165,C00DC3,memo165,,0
166,166,C00DC4,memo166,,0
167,167,C00DC5,memo167,,0
168,168,C00DC6,memo168,,0
169,169,C00DC7,memo169,,0
170,170,C00DC8,memo170,,0
171,171,C00DC9,memo171,,0
172,172,C00DCA,memo172,,0
173,173,C00DCB,memo173,,0
174,174,C00DCC,memo174,,0
175,175,C00DCD,memo175,,0
176,176,C00DCE,memo176,,0
177,177,C00DCF,memo177,,0
178,178,C00DD0,memo178,,0
179,179,C00DD1,memo179,,0
180,180,C00DD2,memo180,,0
181,181,C00DD3,memo181,,0
182,182,C00DD4,memo182,,0
183,183,C00DD5,memo183,,0
184,184,C00DD6,memo184,,0
185,185,C00DD7,memo185,,0
186,186,C00DD8,memo186,,0
187,187,C00DD9,memo187,,0
188,188,C00DDA,memo188,,0
189,189,C00DDB,memo189,,0
190,190,C00DDC,memo190,,0
191,191,C00DDD,memo191,,0
192,192,C00DDE,memo192,,0
193,193,C00DDF,memo193,,0
194,194,C00DE0,memo194,,0
195,195,C00DE1,memo195,,0
196,196,C00DE2,memo196,,0
197,197,C00DE3,memo197,,0
198,198,C00DE4,memo198,,0
199,199,C00DE5,memo199,,0
200,200,C00DE6,memo200,,0
201,201,C00DE7,memo201,,0
202,202,C00DE8,memo202,,0
203,203,C00DE9,memo203,,0
204,204,C00DEA,memo204,,0
205,205,C00DEB,memo205,,0
206,206,C00DEC,memo206,,0
207,207,C00DED,memo207,,0
208,208,C00DEE,memo208,,0
209,209,C00DEF,memo209,,0
210,210,C00DF0,memo210,,0
211,211,C00DF1,memo211,,0
212,212,C00DF2,memo212,,0
213,213,C00DF3,memo213,,0
214,214,C00DF4,memo214,,0
215,215,C00DF5,memo215,,0
216,216,C00DF6,memo216,,0
217,217,C00DF7,memo217,,0
218,218,C00DF8,memo218,,0
219,219,C00DF9,memo219,,0
220,220,C00DFA,memo220,,0
221,221,C00E01,memo221,,0
222,222,C00E02,memo222,,0
223,223,C00E03,memo223,,0
224,224,C00E04,memo224,,0
225,225,C00E05,memo225,,0
226,226,C00E06,memo226,,0
227,227,C00E07,memo227,,0
228,228,C00E08,memo228,,0
229,229,C00E09,memo229,,0
230,230,C00E0A,memo230,,0
231,231,C00E0B,memo231,,0
232,232,C00E0C,memo232,,0
233,233,C00E0D,memo233,,0
234,234,C00E0E,memo234,,0
235,235,C00E0F,memo235,,0
236,236,C00E10,memo236,,0
237,237,C00E11,memo237,,0
238,238,C00E12,memo238,,0
239,239,C00E13,memo239,,0
240,240,C00E14,memo240,,0
241,241,C00E15,memo241,,0
242,242,C00E16,memo242,,0
243,243,C00E17,memo243,,0
244,244,C00E18,memo244,,0
245,245,C00E19,memo245,,0
246,246,C00E1A,memo246,,0
247,247,C00E1B,memo247,,0
248,248,C00E1C,memo248,,0
249,249,C00E1D,memo249,,0
250,250,C00E1E,memo250,,0
251,251,C00E1F,memo251,,0
252,252,C00E20,memo252,,0
253,253,C00E21,memo253,,0
254,254,C00E22,memo254,,0
255,255,C00E23,memo255,,0
256,256,C00E24,memo256,,0
257,257,C00E25,memo257,,0
258,258,C00E26,memo258,,0
259,259,C00E27,memo259,,0
260,260,C00E28,memo260,,0
261,261,C00E29,memo261,,0
262,262,C00E2A,memo262,,0
263,263,C00E2B,memo263,,0
264,264,C00E2C,memo264,,0
265,265,C00E2D,memo265,,0
266,266,C00E2E,memo266,,0
267,267,C00E2F,memo267,,0
268,268,C00E30,memo268,,0
269,269,C00E31,memo269,,0
270,270,C00E32,memo270,,0
271,271,C00E33,memo271,,0
272,272,C00E34,memo272,,0
273,273,C00E35,memo273,,0
274,274,C00E36,memo274,,0
275,275,C00E37,memo275,,0
276,276,C00E38,memo276,,0
277,277,C00E39,memo277,,0
278,278,C00E3A,memo278,,0
279,279,C00E3B,memo279,,0
280,280,C00E3C,memo280,,0
281,281,C00E3D,memo281,,0
282,282,C00E3E,memo282,,0
283,283,C00E3F,memo283,,0
284,284,C00E40,memo284,,0
285,285,C00E41,memo285,,0
286,286,C00E42,memo286,,0
287,287,C00E43,memo287,,0
288,288,C00E44,memo288,,0
289,289,C00E45,memo289,,0
290,290,C00E46,memo290,,0
291,291,C00E47,memo291,,0
292,292,C00E48,memo292,,0
293,293,C00E49,memo293,,0
294,294,C00E4A,memo294,,0
295,295,C00E4B,memo295,,0
296,296,C00E4C,memo296,,0
297,297,C00E4D,memo297,,0
298,298,C00E4E,memo298,,0
299,299,C00E4F,memo299,,0
300,300,C00E50,memo300,,0